run	input.fasta	num.sequences	num.haplotypes	Gbps	A.fraction	C.fraction	G.fraction	T.fraction	N.fraction	input.paf	num.alignments	num.matches	s	l	p	n	k	B	time.seconds	memory.Gbytes	disk.Gbytes	gzipped.gfa.disk.size.Gbytes	graph.length.Gbps	num.nodes	num.edges	num.paths	num.components	group	seg.len	min.mapping.len	map.ident	map.n	seqwish.k	seqwish.B
athaliana16.s100k.l300k.p98.n16.k311.B50M	athaliana16	922	16	1.90251	0.317525	0.179217	0.179154	0.317104	0.00699528	athaliana16.s100k.l300k.p98.n16	4339	8.12724e+09	100k	300k	98	16	311	50M	355	30.6002	4.0832	.1914	0.575704	1740116	2384272	922	427	athaliana16	s100k	l300k	p98	n16	k311	B50M
athaliana16.s100k.l300k.p98.n16.k229.B50M	athaliana16	922	16	1.90251	0.317525	0.179217	0.179154	0.317104	0.00699528	athaliana16.s100k.l300k.p98.n16	4339	8.12724e+09	100k	300k	98	16	229	50M	364	32.0916	5.2665	.1923	0.541011	2061194	2830863	922	412	athaliana16	s100k	l300k	p98	n16	k229	B50M
athaliana16.s100k.l300k.p98.n16.k179.B50M	athaliana16	922	16	1.90251	0.317525	0.179217	0.179154	0.317104	0.00699528	athaliana16.s100k.l300k.p98.n16	4339	8.12724e+09	100k	300k	98	16	179	50M	392	33.1188	4.7878	.1943	0.518576	2332402	3209032	922	403	athaliana16	s100k	l300k	p98	n16	k179	B50M
athaliana16.s100k.l300k.p98.n16.k127.B50M	athaliana16	922	16	1.90251	0.317525	0.179217	0.179154	0.317104	0.00699528	athaliana16.s100k.l300k.p98.n16	4339	8.12724e+09	100k	300k	98	16	127	50M	378	34.2780	4.9666	.1982	0.494139	2725122	3757855	922	402	athaliana16	s100k	l300k	p98	n16	k127	B50M
athaliana16.s100k.l300k.p98.n16.k79.B50M	athaliana16	922	16	1.90251	0.317525	0.179217	0.179154	0.317104	0.00699528	athaliana16.s100k.l300k.p98.n16	4339	8.12724e+09	100k	300k	98	16	79	50M	395	35.5667	5.8926	.2080	0.470318	3291746	4552435	922	402	athaliana16	s100k	l300k	p98	n16	k79	B50M
athaliana16.s100k.l300k.p98.n16.k49.B50M	athaliana16	922	16	1.90251	0.317525	0.179217	0.179154	0.317104	0.00699528	athaliana16.s100k.l300k.p98.n16	4339	8.12724e+09	100k	300k	98	16	49	50M	406	36.5680	6.0549	.2207	0.45484	3876268	5375957	922	402	athaliana16	s100k	l300k	p98	n16	k49	B50M
athaliana16.s100k.l300k.p98.n16.k29.B50M	athaliana16	922	16	1.90251	0.317525	0.179217	0.179154	0.317104	0.00699528	athaliana16.s100k.l300k.p98.n16	4339	8.12724e+09	100k	300k	98	16	29	50M	416	37.4733	6.9382	.2363	0.444187	4535036	6307091	922	402	athaliana16	s100k	l300k	p98	n16	k29	B50M
athaliana16.s100k.l300k.p98.n16.k11.B50M	athaliana16	922	16	1.90251	0.317525	0.179217	0.179154	0.317104	0.00699528	athaliana16.s100k.l300k.p98.n16	4339	8.12724e+09	100k	300k	98	16	11	50M	442	38.6246	7.8265	.2666	0.434907	5689355	7950352	922	402	athaliana16	s100k	l300k	p98	n16	k11	B50M
athaliana16.s100k.l300k.p98.n16.k0.B50M	athaliana16	922	16	1.90251	0.317525	0.179217	0.179154	0.317104	0.00699528	athaliana16.s100k.l300k.p98.n16	4339	8.12724e+09	100k	300k	98	16	0	50M	467	39.6779	9.4433	.3046	0.431538	7029331	9945625	922	402	athaliana16	s100k	l300k	p98	n16	k0	B50M
athaliana16.s100k.l300k.p95.n16.k311.B50M	athaliana16	922	16	1.90251	0.317525	0.179217	0.179154	0.317104	0.00699528	athaliana16.s100k.l300k.p95.n16	3295	1.12242e+10	100k	300k	95	16	311	50M	375	33.0610	4.2140	.1718	0.452235	2197480	2988478	922	329	athaliana16	s100k	l300k	p95	n16	k311	B50M
athaliana16.s100k.l300k.p95.n16.k229.B50M	athaliana16	922	16	1.90251	0.317525	0.179217	0.179154	0.317104	0.00699528	athaliana16.s100k.l300k.p95.n16	3295	1.12242e+10	100k	300k	95	16	229	50M	368	35.0513	4.6805	.1728	0.401193	2701797	3679952	922	289	athaliana16	s100k	l300k	p95	n16	k229	B50M
athaliana16.s100k.l300k.p95.n16.k179.B50M	athaliana16	922	16	1.90251	0.317525	0.179217	0.179154	0.317104	0.00699528	athaliana16.s100k.l300k.p95.n16	3295	1.12242e+10	100k	300k	95	16	179	50M	412	36.5124	5.1228	.1767	0.366868	3144404	4287974	922	275	athaliana16	s100k	l300k	p95	n16	k179	B50M
athaliana16.s100k.l300k.p95.n16.k127.B50M	athaliana16	922	16	1.90251	0.317525	0.179217	0.179154	0.317104	0.00699528	athaliana16.s100k.l300k.p95.n16	3295	1.12242e+10	100k	300k	95	16	127	50M	421	38.2959	5.4781	.1865	0.328654	3797768	5187251	922	249	athaliana16	s100k	l300k	p95	n16	k127	B50M
athaliana16.s100k.l300k.p95.n16.k79.B50M	athaliana16	922	16	1.90251	0.317525	0.179217	0.179154	0.317104	0.00699528	athaliana16.s100k.l300k.p95.n16	3295	1.12242e+10	100k	300k	95	16	79	50M	431	40.3209	6.8511	.2050	0.29177	4724019	6466982	922	245	athaliana16	s100k	l300k	p95	n16	k79	B50M
athaliana16.s100k.l300k.p95.n16.k49.B50M	athaliana16	922	16	1.90251	0.317525	0.179217	0.179154	0.317104	0.00699528	athaliana16.s100k.l300k.p95.n16	3295	1.12242e+10	100k	300k	95	16	49	50M	450	41.9728	7.0910	.2265	0.268889	5629559	7724444	922	244	athaliana16	s100k	l300k	p95	n16	k49	B50M
athaliana16.s100k.l300k.p95.n16.k29.B50M	athaliana16	922	16	1.90251	0.317525	0.179217	0.179154	0.317104	0.00699528	athaliana16.s100k.l300k.p95.n16	3295	1.12242e+10	100k	300k	95	16	29	50M	452	43.4358	7.5572	.2529	0.254058	6583773	9055495	922	244	athaliana16	s100k	l300k	p95	n16	k29	B50M
athaliana16.s100k.l300k.p95.n16.k11.B50M	athaliana16	922	16	1.90251	0.317525	0.179217	0.179154	0.317104	0.00699528	athaliana16.s100k.l300k.p95.n16	3295	1.12242e+10	100k	300k	95	16	11	50M	515	45.5185	12.2256	.3017	0.241693	8196402	11321712	922	244	athaliana16	s100k	l300k	p95	n16	k11	B50M
athaliana16.s100k.l300k.p95.n16.k0.B50M	athaliana16	922	16	1.90251	0.317525	0.179217	0.179154	0.317104	0.00699528	athaliana16.s100k.l300k.p95.n16	3295	1.12242e+10	100k	300k	95	16	0	50M	575	47.6367	19.7364	.3750	0.236086	10226313	14416967	922	244	athaliana16	s100k	l300k	p95	n16	k0	B50M
athaliana16.s100k.l300k.p90.n16.k311.B50M	athaliana16	922	16	1.90251	0.317525	0.179217	0.179154	0.317104	0.00699528	athaliana16.s100k.l300k.p90.n16	3158	1.18278e+10	100k	300k	90	16	311	50M	362	33.4707	4.7287	.1689	0.434506	2262830	3072368	922	327	athaliana16	s100k	l300k	p90	n16	k311	B50M
athaliana16.s100k.l300k.p90.n16.k229.B50M	athaliana16	922	16	1.90251	0.317525	0.179217	0.179154	0.317104	0.00699528	athaliana16.s100k.l300k.p90.n16	3158	1.18278e+10	100k	300k	90	16	229	50M	391	35.5387	4.5937	.1699	0.38158	2796912	3801266	922	279	athaliana16	s100k	l300k	p90	n16	k229	B50M
athaliana16.s100k.l300k.p90.n16.k179.B50M	athaliana16	922	16	1.90251	0.317525	0.179217	0.179154	0.317104	0.00699528	athaliana16.s100k.l300k.p90.n16	3158	1.18278e+10	100k	300k	90	16	179	50M	384	37.0493	5.2157	.1748	0.346112	3265969	4442190	922	238	athaliana16	s100k	l300k	p90	n16	k179	B50M
athaliana16.s100k.l300k.p90.n16.k127.B50M	athaliana16	922	16	1.90251	0.317525	0.179217	0.179154	0.317104	0.00699528	athaliana16.s100k.l300k.p90.n16	3158	1.18278e+10	100k	300k	90	16	127	50M	422	38.9239	6.0713	.1855	0.306851	3955454	5386092	922	189	athaliana16	s100k	l300k	p90	n16	k127	B50M
athaliana16.s100k.l300k.p90.n16.k79.B50M	athaliana16	922	16	1.90251	0.317525	0.179217	0.179154	0.317104	0.00699528	athaliana16.s100k.l300k.p90.n16	3158	1.18278e+10	100k	300k	90	16	79	50M	418	41.0974	6.7641	.2060	0.269206	4927646	6722170	922	156	athaliana16	s100k	l300k	p90	n16	k79	B50M
athaliana16.s100k.l300k.p90.n16.k49.B50M	athaliana16	922	16	1.90251	0.317525	0.179217	0.179154	0.317104	0.00699528	athaliana16.s100k.l300k.p90.n16	3158	1.18278e+10	100k	300k	90	16	49	50M	473	42.8726	7.2386	.2314	0.245842	5876910	8033890	922	136	athaliana16	s100k	l300k	p90	n16	k49	B50M
athaliana16.s100k.l300k.p90.n16.k29.B50M	athaliana16	922	16	1.90251	0.317525	0.179217	0.179154	0.317104	0.00699528	athaliana16.s100k.l300k.p90.n16	3158	1.18278e+10	100k	300k	90	16	29	50M	484	44.5031	9.8725	.2607	0.230381	6888234	9441235	922	135	athaliana16	s100k	l300k	p90	n16	k29	B50M
athaliana16.s20k.l60k.p98.n16.k311.B50M	athaliana16	922	16	1.90251	0.317525	0.179217	0.179154	0.317104	0.00699528	athaliana16.s20k.l60k.p98.n16	25515	7.3994e+09	20k	60k	98	16	311	50M	357	31.2615	4.7751	.1845	0.539306	1842374	2528250	922	420	athaliana16	s20k	l60k	p98	n16	k311	B50M
athaliana16.s20k.l60k.p98.n16.k229.B50M	athaliana16	922	16	1.90251	0.317525	0.179217	0.179154	0.317104	0.00699528	athaliana16.s20k.l60k.p98.n16	25515	7.3994e+09	20k	60k	98	16	229	50M	365	32.8283	4.6606	.1845	0.4992	2212135	3042482	922	404	athaliana16	s20k	l60k	p98	n16	k229	B50M
athaliana16.s20k.l60k.p98.n16.k179.B50M	athaliana16	922	16	1.90251	0.317525	0.179217	0.179154	0.317104	0.00699528	athaliana16.s20k.l60k.p98.n16	25515	7.3994e+09	20k	60k	98	16	179	50M	390	33.8885	4.7734	.1865	0.473054	2526215	3480686	922	394	athaliana16	s20k	l60k	p98	n16	k179	B50M
athaliana16.s20k.l60k.p98.n16.k127.B50M	athaliana16	922	16	1.90251	0.317525	0.179217	0.179154	0.317104	0.00699528	athaliana16.s20k.l60k.p98.n16	25515	7.3994e+09	20k	60k	98	16	127	50M	371	35.1293	5.0912	.1914	0.444569	2979322	4114559	922	393	athaliana16	s20k	l60k	p98	n16	k127	B50M
athaliana16.s20k.l60k.p98.n16.k79.B50M	athaliana16	922	16	1.90251	0.317525	0.179217	0.179154	0.317104	0.00699528	athaliana16.s20k.l60k.p98.n16	25515	7.3994e+09	20k	60k	98	16	79	50M	404	36.4644	5.1717	.2031	0.417485	3615285	5008057	922	393	athaliana16	s20k	l60k	p98	n16	k79	B50M
athaliana16.s20k.l60k.p98.n16.k49.B50M	athaliana16	922	16	1.90251	0.317525	0.179217	0.179154	0.317104	0.00699528	athaliana16.s20k.l60k.p98.n16	25515	7.3994e+09	20k	60k	98	16	49	50M	406	37.4459	6.0305	.2167	0.400722	4239290	5888850	922	393	athaliana16	s20k	l60k	p98	n16	k49	B50M
athaliana16.s20k.l60k.p98.n16.k29.B50M	athaliana16	922	16	1.90251	0.317525	0.179217	0.179154	0.317104	0.00699528	athaliana16.s20k.l60k.p98.n16	25515	7.3994e+09	20k	60k	98	16	29	50M	434	38.2891	6.2953	.2324	0.389839	4902413	6828087	922	393	athaliana16	s20k	l60k	p98	n16	k29	B50M
athaliana16.s20k.l60k.p98.n16.k11.B50M	athaliana16	922	16	1.90251	0.317525	0.179217	0.179154	0.317104	0.00699528	athaliana16.s20k.l60k.p98.n16	25515	7.3994e+09	20k	60k	98	16	11	50M	424	39.2241	7.5114	.2607	0.381067	5978697	8361075	922	393	athaliana16	s20k	l60k	p98	n16	k11	B50M
athaliana16.s20k.l60k.p98.n16.k0.B50M	athaliana16	922	16	1.90251	0.317525	0.179217	0.179154	0.317104	0.00699528	athaliana16.s20k.l60k.p98.n16	25515	7.3994e+09	20k	60k	98	16	0	50M	464	40.0030	8.9758	.2929	0.378183	7150969	10096054	922	393	athaliana16	s20k	l60k	p98	n16	k0	B50M
athaliana16.s20k.l60k.p95.n16.k311.B50M	athaliana16	922	16	1.90251	0.317525	0.179217	0.179154	0.317104	0.00699528	athaliana16.s20k.l60k.p95.n16	14539	1.04889e+10	20k	60k	95	16	311	50M	360	33.2437	4.7481	.1708	0.449424	2166350	2951043	922	292	athaliana16	s20k	l60k	p95	n16	k311	B50M
athaliana16.s20k.l60k.p95.n16.k229.B50M	athaliana16	922	16	1.90251	0.317525	0.179217	0.179154	0.317104	0.00699528	athaliana16.s20k.l60k.p95.n16	14539	1.04889e+10	20k	60k	95	16	229	50M	400	35.2311	4.8762	.1718	0.398186	2663591	3635063	922	255	athaliana16	s20k	l60k	p95	n16	k229	B50M
athaliana16.s20k.l60k.p95.n16.k179.B50M	athaliana16	922	16	1.90251	0.317525	0.179217	0.179154	0.317104	0.00699528	athaliana16.s20k.l60k.p95.n16	14539	1.04889e+10	20k	60k	95	16	179	50M	407	36.6515	5.5968	.1757	0.363521	3101560	4239030	922	228	athaliana16	s20k	l60k	p95	n16	k179	B50M
athaliana16.s20k.l60k.p95.n16.k127.B50M	athaliana16	922	16	1.90251	0.317525	0.179217	0.179154	0.317104	0.00699528	athaliana16.s20k.l60k.p95.n16	14539	1.04889e+10	20k	60k	95	16	127	50M	428	38.4081	5.2730	.1845	0.324596	3749855	5135701	922	200	athaliana16	s20k	l60k	p95	n16	k127	B50M
athaliana16.s20k.l60k.p95.n16.k79.B50M	athaliana16	922	16	1.90251	0.317525	0.179217	0.179154	0.317104	0.00699528	athaliana16.s20k.l60k.p95.n16	14539	1.04889e+10	20k	60k	95	16	79	50M	414	40.4042	6.1742	.2050	0.287036	4668039	6410675	922	196	athaliana16	s20k	l60k	p95	n16	k79	B50M
athaliana16.s20k.l60k.p95.n16.k49.B50M	athaliana16	922	16	1.90251	0.317525	0.179217	0.179154	0.317104	0.00699528	athaliana16.s20k.l60k.p95.n16	14539	1.04889e+10	20k	60k	95	16	49	50M	448	41.9918	6.6777	.2265	0.263769	5562971	7660076	922	194	athaliana16	s20k	l60k	p95	n16	k49	B50M
athaliana16.s20k.l60k.p95.n16.k29.B50M	athaliana16	922	16	1.90251	0.317525	0.179217	0.179154	0.317104	0.00699528	athaliana16.s20k.l60k.p95.n16	14539	1.04889e+10	20k	60k	95	16	29	50M	466	43.3469	8.8305	.2519	0.248756	6502186	8977781	922	194	athaliana16	s20k	l60k	p95	n16	k29	B50M
athaliana16.s20k.l60k.p95.n16.k11.B50M	athaliana16	922	16	1.90251	0.317525	0.179217	0.179154	0.317104	0.00699528	athaliana16.s20k.l60k.p95.n16	14539	1.04889e+10	20k	60k	95	16	11	50M	516	45.1652	11.1353	.2968	0.236552	8031056	11140936	922	194	athaliana16	s20k	l60k	p95	n16	k11	B50M
athaliana16.s20k.l60k.p95.n16.k0.B50M	athaliana16	922	16	1.90251	0.317525	0.179217	0.179154	0.317104	0.00699528	athaliana16.s20k.l60k.p95.n16	14539	1.04889e+10	20k	60k	95	16	0	50M	541	46.8548	12.2256	.3515	0.232153	9747760	13718180	922	194	athaliana16	s20k	l60k	p95	n16	k0	B50M
athaliana16.s20k.l60k.p90.n16.k311.B50M	athaliana16	922	16	1.90251	0.317525	0.179217	0.179154	0.317104	0.00699528	athaliana16.s20k.l60k.p90.n16	12244	1.17224e+10	20k	60k	90	16	311	50M	377	33.6970	4.3978	.1669	0.424315	2268902	3081410	922	268	athaliana16	s20k	l60k	p90	n16	k311	B50M
athaliana16.s20k.l60k.p90.n16.k229.B50M	athaliana16	922	16	1.90251	0.317525	0.179217	0.179154	0.317104	0.00699528	athaliana16.s20k.l60k.p90.n16	12244	1.17224e+10	20k	60k	90	16	229	50M	406	35.7686	5.1542	.1689	0.37115	2803200	3811034	922	219	athaliana16	s20k	l60k	p90	n16	k229	B50M
athaliana16.s20k.l60k.p90.n16.k179.B50M	athaliana16	922	16	1.90251	0.317525	0.179217	0.179154	0.317104	0.00699528	athaliana16.s20k.l60k.p90.n16	12244	1.17224e+10	20k	60k	90	16	179	50M	383	37.3044	5.2143	.1738	0.335526	3272008	4451948	922	186	athaliana16	s20k	l60k	p90	n16	k179	B50M
athaliana16.s20k.l60k.p90.n16.k127.B50M	athaliana16	922	16	1.90251	0.317525	0.179217	0.179154	0.317104	0.00699528	athaliana16.s20k.l60k.p90.n16	12244	1.17224e+10	20k	60k	90	16	127	50M	439	39.1999	6.3207	.1845	0.295835	3962917	5399099	922	137	athaliana16	s20k	l60k	p90	n16	k127	B50M
athaliana16.s20k.l60k.p90.n16.k79.B50M	athaliana16	922	16	1.90251	0.317525	0.179217	0.179154	0.317104	0.00699528	athaliana16.s20k.l60k.p90.n16	12244	1.17224e+10	20k	60k	90	16	79	50M	414	41.3610	6.7398	.2070	0.257911	4931922	6733048	922	109	athaliana16	s20k	l60k	p90	n16	k79	B50M
athaliana16.s20k.l60k.p90.n16.k49.B50M	athaliana16	922	16	1.90251	0.317525	0.179217	0.179154	0.317104	0.00699528	athaliana16.s20k.l60k.p90.n16	12244	1.17224e+10	20k	60k	90	16	49	50M	468	43.1287	7.1218	.2333	0.234284	5870016	8035181	922	100	athaliana16	s20k	l60k	p90	n16	k49	B50M
athaliana16.s20k.l60k.p90.n16.k29.B50M	athaliana16	922	16	1.90251	0.317525	0.179217	0.179154	0.317104	0.00699528	athaliana16.s20k.l60k.p90.n16	12244	1.17224e+10	20k	60k	90	16	29	50M	472	44.7678	11.3527	.2626	0.218739	6844827	9403306	922	99	athaliana16	s20k	l60k	p90	n16	k29	B50M
athaliana16.s20k.l60k.p90.n16.k11.B50M	athaliana16	922	16	1.90251	0.317525	0.179217	0.179154	0.317104	0.00699528	athaliana16.s20k.l60k.p90.n16	12244	1.17224e+10	20k	60k	90	16	11	50M	522	47.0343	12.2158	.3154	0.205593	8453771	11693637	922	99	athaliana16	s20k	l60k	p90	n16	k11	B50M
athaliana16.s20k.l60k.p90.n16.k0.B50M	athaliana16	922	16	1.90251	0.317525	0.179217	0.179154	0.317104	0.00699528	athaliana16.s20k.l60k.p90.n16	12244	1.17224e+10	20k	60k	90	16	0	50M	627	49.3706	18.2256	.3867	0.19962	10476160	14831724	922	99	athaliana16	s20k	l60k	p90	n16	k0	B50M
athaliana16.s50k.l150k.p98.n16.k311.B50M	athaliana16	922	16	1.90251	0.317525	0.179217	0.179154	0.317104	0.00699528	athaliana16.s50k.l150k.p98.n16	8602	7.73132e+09	50k	150k	98	16	311	50M	356	30.5105	4.5274	.1914	0.573127	1746670	2396036	922	427	athaliana16	s50k	l150k	p98	n16	k311	B50M
athaliana16.s50k.l150k.p98.n16.k229.B50M	athaliana16	922	16	1.90251	0.317525	0.179217	0.179154	0.317104	0.00699528	athaliana16.s50k.l150k.p98.n16	8602	7.73132e+09	50k	150k	98	16	229	50M	380	31.9913	4.4217	.1914	0.537418	2075170	2853203	922	412	athaliana16	s50k	l150k	p98	n16	k229	B50M
athaliana16.s50k.l150k.p98.n16.k179.B50M	athaliana16	922	16	1.90251	0.317525	0.179217	0.179154	0.317104	0.00699528	athaliana16.s50k.l150k.p98.n16	8602	7.73132e+09	50k	150k	98	16	179	50M	357	33.0046	4.7457	.1933	0.514281	2352744	3240648	922	403	athaliana16	s50k	l150k	p98	n16	k179	B50M
athaliana16.s50k.l150k.p98.n16.k127.B50M	athaliana16	922	16	1.90251	0.317525	0.179217	0.179154	0.317104	0.00699528	athaliana16.s50k.l150k.p98.n16	8602	7.73132e+09	50k	150k	98	16	127	50M	399	34.1972	4.9194	.1982	0.489086	2754461	3802680	922	402	athaliana16	s50k	l150k	p98	n16	k127	B50M
athaliana16.s50k.l150k.p98.n16.k79.B50M	athaliana16	922	16	1.90251	0.317525	0.179217	0.179154	0.317104	0.00699528	athaliana16.s50k.l150k.p98.n16	8602	7.73132e+09	50k	150k	98	16	79	50M	381	35.4669	5.4559	.2070	0.46459	3332657	4614430	922	402	athaliana16	s50k	l150k	p98	n16	k79	B50M
athaliana16.s50k.l150k.p98.n16.k49.B50M	athaliana16	922	16	1.90251	0.317525	0.179217	0.179154	0.317104	0.00699528	athaliana16.s50k.l150k.p98.n16	8602	7.73132e+09	50k	150k	98	16	49	50M	420	36.4901	6.5106	.2207	0.448983	3918851	5440955	922	402	athaliana16	s50k	l150k	p98	n16	k49	B50M
athaliana16.s50k.l150k.p98.n16.k29.B50M	athaliana16	922	16	1.90251	0.317525	0.179217	0.179154	0.317104	0.00699528	athaliana16.s50k.l150k.p98.n16	8602	7.73132e+09	50k	150k	98	16	29	50M	416	37.2959	6.3267	.2363	0.438409	4568860	6360458	922	402	athaliana16	s50k	l150k	p98	n16	k29	B50M
athaliana16.s50k.l150k.p98.n16.k11.B50M	athaliana16	922	16	1.90251	0.317525	0.179217	0.179154	0.317104	0.00699528	athaliana16.s50k.l150k.p98.n16	8602	7.73132e+09	50k	150k	98	16	11	50M	416	38.3688	8.1701	.2646	0.42939	5686999	7952043	922	402	athaliana16	s50k	l150k	p98	n16	k11	B50M
athaliana16.s50k.l150k.p98.n16.k0.B50M	athaliana16	922	16	1.90251	0.317525	0.179217	0.179154	0.317104	0.00699528	athaliana16.s50k.l150k.p98.n16	8602	7.73132e+09	50k	150k	98	16	0	50M	458	39.2910	9.6317	.3007	0.426243	6953474	9832102	922	402	athaliana16	s50k	l150k	p98	n16	k0	B50M
athaliana16.s50k.l150k.p95.n16.k311.B50M	athaliana16	922	16	1.90251	0.317525	0.179217	0.179154	0.317104	0.00699528	athaliana16.s50k.l150k.p95.n16	5613	1.09178e+10	50k	150k	95	16	311	50M	377	33.1309	4.2146	.1718	0.452219	2180242	2967708	922	327	athaliana16	s50k	l150k	p95	n16	k311	B50M
athaliana16.s50k.l150k.p95.n16.k229.B50M	athaliana16	922	16	1.90251	0.317525	0.179217	0.179154	0.317104	0.00699528	athaliana16.s50k.l150k.p95.n16	5613	1.09178e+10	50k	150k	95	16	229	50M	368	35.1012	4.8850	.1728	0.400927	2682067	3657000	922	287	athaliana16	s50k	l150k	p95	n16	k229	B50M
athaliana16.s50k.l150k.p95.n16.k179.B50M	athaliana16	922	16	1.90251	0.317525	0.179217	0.179154	0.317104	0.00699528	athaliana16.s50k.l150k.p95.n16	5613	1.09178e+10	50k	150k	95	16	179	50M	415	36.5509	5.0912	.1767	0.366325	3123601	4264739	922	273	athaliana16	s50k	l150k	p95	n16	k179	B50M
athaliana16.s50k.l150k.p95.n16.k127.B50M	athaliana16	922	16	1.90251	0.317525	0.179217	0.179154	0.317104	0.00699528	athaliana16.s50k.l150k.p95.n16	5613	1.09178e+10	50k	150k	95	16	127	50M	423	38.3481	5.4466	.1855	0.327545	3778870	5168386	922	247	athaliana16	s50k	l150k	p95	n16	k127	B50M
athaliana16.s50k.l150k.p95.n16.k79.B50M	athaliana16	922	16	1.90251	0.317525	0.179217	0.179154	0.317104	0.00699528	athaliana16.s50k.l150k.p95.n16	5613	1.09178e+10	50k	150k	95	16	79	50M	429	40.3395	6.2426	.2050	0.290089	4708852	6455549	922	243	athaliana16	s50k	l150k	p95	n16	k79	B50M
athaliana16.s50k.l150k.p95.n16.k49.B50M	athaliana16	922	16	1.90251	0.317525	0.179217	0.179154	0.317104	0.00699528	athaliana16.s50k.l150k.p95.n16	5613	1.09178e+10	50k	150k	95	16	49	50M	447	41.9766	7.0050	.2275	0.266931	5616143	7717171	922	242	athaliana16	s50k	l150k	p95	n16	k49	B50M
athaliana16.s50k.l150k.p95.n16.k29.B50M	athaliana16	922	16	1.90251	0.317525	0.179217	0.179154	0.317104	0.00699528	athaliana16.s50k.l150k.p95.n16	5613	1.09178e+10	50k	150k	95	16	29	50M	482	43.4090	8.4829	.2539	0.251982	6571407	9051000	922	242	athaliana16	s50k	l150k	p95	n16	k29	B50M
athaliana16.s50k.l150k.p95.n16.k11.B50M	athaliana16	922	16	1.90251	0.317525	0.179217	0.179154	0.317104	0.00699528	athaliana16.s50k.l150k.p95.n16	5613	1.09178e+10	50k	150k	95	16	11	50M	480	45.3556	11.4403	.2998	0.239729	8152142	11273685	922	242	athaliana16	s50k	l150k	p95	n16	k11	B50M
athaliana16.s50k.l150k.p95.n16.k0.B50M	athaliana16	922	16	1.90251	0.317525	0.179217	0.179154	0.317104	0.00699528	athaliana16.s50k.l150k.p95.n16	5613	1.09178e+10	50k	150k	95	16	0	50M	574	47.2694	12.6241	.3613	0.234874	10020393	14085017	922	242	athaliana16	s50k	l150k	p95	n16	k0	B50M
athaliana16.s50k.l150k.p90.n16.k311.B50M	athaliana16	922	16	1.90251	0.317525	0.179217	0.179154	0.317104	0.00699528	athaliana16.s50k.l150k.p90.n16	5050	1.18676e+10	50k	150k	90	16	311	50M	377	33.5685	4.4939	.1679	0.430497	2267402	3078294	922	296	athaliana16	s50k	l150k	p90	n16	k311	B50M
athaliana16.s50k.l150k.p90.n16.k229.B50M	athaliana16	922	16	1.90251	0.317525	0.179217	0.179154	0.317104	0.00699528	athaliana16.s50k.l150k.p90.n16	5050	1.18676e+10	50k	150k	90	16	229	50M	391	35.6255	4.7287	.1699	0.377498	2802196	3808200	922	250	athaliana16	s50k	l150k	p90	n16	k229	B50M
athaliana16.s50k.l150k.p90.n16.k179.B50M	athaliana16	922	16	1.90251	0.317525	0.179217	0.179154	0.317104	0.00699528	athaliana16.s50k.l150k.p90.n16	5050	1.18676e+10	50k	150k	90	16	179	50M	408	37.1546	5.3138	.1748	0.341918	3272343	4450724	922	213	athaliana16	s50k	l150k	p90	n16	k179	B50M
athaliana16.s50k.l150k.p90.n16.k127.B50M	athaliana16	922	16	1.90251	0.317525	0.179217	0.179154	0.317104	0.00699528	athaliana16.s50k.l150k.p90.n16	5050	1.18676e+10	50k	150k	90	16	127	50M	424	39.0294	5.8827	.1855	0.302425	3964393	5398405	922	164	athaliana16	s50k	l150k	p90	n16	k127	B50M
athaliana16.s50k.l150k.p90.n16.k79.B50M	athaliana16	922	16	1.90251	0.317525	0.179217	0.179154	0.317104	0.00699528	athaliana16.s50k.l150k.p90.n16	5050	1.18676e+10	50k	150k	90	16	79	50M	447	41.2238	6.4428	.2070	0.264607	4938448	6737252	922	129	athaliana16	s50k	l150k	p90	n16	k79	B50M
athaliana16.s50k.l150k.p90.n16.k49.B50M	athaliana16	922	16	1.90251	0.317525	0.179217	0.179154	0.317104	0.00699528	athaliana16.s50k.l150k.p90.n16	5050	1.18676e+10	50k	150k	90	16	49	50M	462	42.9633	7.6122	.2314	0.241177	5887092	8048923	922	117	athaliana16	s50k	l150k	p90	n16	k49	B50M
athaliana16.s50k.l150k.p90.n16.k29.B50M	athaliana16	922	16	1.90251	0.317525	0.179217	0.179154	0.317104	0.00699528	athaliana16.s50k.l150k.p90.n16	5050	1.18676e+10	50k	150k	90	16	29	50M	466	44.6131	10.3748	.2607	0.225799	6885560	9440373	922	116	athaliana16	s50k	l150k	p90	n16	k29	B50M
athaliana16.s50k.l150k.p90.n16.k11.B50M	athaliana16	922	16	1.90251	0.317525	0.179217	0.179154	0.317104	0.00699528	athaliana16.s50k.l150k.p90.n16	5050	1.18676e+10	50k	150k	90	16	11	50M	509	46.8933	12.2325	.3134	0.212592	8574691	11828685	922	116	athaliana16	s50k	l150k	p90	n16	k11	B50M
athaliana16.s50k.l150k.p90.n16.k0.B50M	athaliana16	922	16	1.90251	0.317525	0.179217	0.179154	0.317104	0.00699528	athaliana16.s50k.l150k.p90.n16	5050	1.18676e+10	50k	150k	90	16	0	50M	643	49.4991	18.2360	.4042	0.205823	10846933	15373484	922	116	athaliana16	s50k	l150k	p90	n16	k0	B50M
hprcplus38.s100k.l300k.p98.n38.k311.B50M	hprcplus38	17478	38	114.627	0.295334	0.203888	0.203986	0.295357	0.00143558	hprcplus38.s100k.l300k.p98.n38.k16	320959	1.95276e+12	100k	300k	98	38	311	50M	34935	312.4650	333.7488	4.7812	7.39743	47027046	64524586	17478	724	hprcplus38	s100k	l300k	p98	n38	k311	B50M
hprcplus38.s100k.l300k.p98.n38.k229.B50M	hprcplus38	17478	38	114.627	0.295334	0.203888	0.203986	0.295357	0.00143558	hprcplus38.s100k.l300k.p98.n38.k16	320959	1.95276e+12	100k	300k	98	38	229	50M	36309	314.4343	366.1616	5.0410	7.02141	49627511	68264033	17478	724	hprcplus38	s100k	l300k	p98	n38	k229	B50M
hprcplus38.s100k.l300k.p98.n38.k179.B50M	hprcplus38	17478	38	114.627	0.295334	0.203888	0.203986	0.295357	0.00143558	hprcplus38.s100k.l300k.p98.n38.k16	320959	1.95276e+12	100k	300k	98	38	179	50M	33038	321.0355	393.7739	5.2343	6.79453	51592536	71146553	17478	724	hprcplus38	s100k	l300k	p98	n38	k179	B50M
hprcplus38.s100k.l300k.p98.n38.k127.B50M	hprcplus38	17478	38	114.627	0.295334	0.203888	0.203986	0.295357	0.00143558	hprcplus38.s100k.l300k.p98.n38.k16	320959	1.95276e+12	100k	300k	98	38	127	50M	38179	331.1864	405.9805	5.4677	6.55901	54138332	74965175	17478	724	hprcplus38	s100k	l300k	p98	n38	k127	B50M
hprcplus38.s100k.l300k.p98.n38.k79.B50M	hprcplus38	17478	38	114.627	0.295334	0.203888	0.203986	0.295357	0.00143558	hprcplus38.s100k.l300k.p98.n38.k16	320959	1.95276e+12	100k	300k	98	38	79	50M	38830	355.9609	440.8079	5.7255	6.35061	57246441	79743273	17478	724	hprcplus38	s100k	l300k	p98	n38	k79	B50M
hprcplus38.s100k.l300k.p98.n38.k49.B50M	hprcplus38	17478	38	114.627	0.295334	0.203888	0.203986	0.295357	0.00143558	hprcplus38.s100k.l300k.p98.n38.k16	320959	1.95276e+12	100k	300k	98	38	49	50M	39723	347.9261	464.3392	5.9189	6.2322	59881565	83881049	17478	724	hprcplus38	s100k	l300k	p98	n38	k49	B50M
hprcplus38.s100k.l300k.p98.n38.k29.B50M	hprcplus38	17478	38	114.627	0.295334	0.203888	0.203986	0.295357	0.00143558	hprcplus38.s100k.l300k.p98.n38.k16	320959	1.95276e+12	100k	300k	98	38	29	50M	39940	349.0410	484.5710	6.0449	6.16583	62285416	87688178	17478	724	hprcplus38	s100k	l300k	p98	n38	k29	B50M
hprcplus38.s100k.l300k.p98.n38.k11.B50M	hprcplus38	17478	38	114.627	0.295334	0.203888	0.203986	0.295357	0.00143558	hprcplus38.s100k.l300k.p98.n38.k16	320959	1.95276e+12	100k	300k	98	38	11	50M	37410	369.3226	535.1452	6.1601	6.1189	65794309	93308807	17478	724	hprcplus38	s100k	l300k	p98	n38	k11	B50M
hprcplus38.s100k.l300k.p98.n38.k0.B50M	hprcplus38	17478	38	114.627	0.295334	0.203888	0.203986	0.295357	0.00143558	hprcplus38.s100k.l300k.p98.n38.k16	320959	1.95276e+12	100k	300k	98	38	0	50M	45505	340.9316	586.0508	6.4365	6.105	69563626	99436830	17478	724	hprcplus38	s100k	l300k	p98	n38	k0	B50M
hpylori250.s10k.l30k.p98.n250.k311.B10M	hpylori250	292	250	0.407782	0.305004	0.194726	0.194278	0.305989	8.6566e-07	hpylori250.s10k.l30k.p98.n250	1936	1036784325	10k	30k	98	250	311	10M	390	2.2872	0.9635	.0634	0.233273	69943	94821	292	142	hpylori250	s10k	l30k	p98	n250	k311	B10M
hpylori250.s10k.l30k.p98.n250.k229.B10M	hpylori250	292	250	0.407782	0.305004	0.194726	0.194278	0.305989	8.6566e-07	hpylori250.s10k.l30k.p98.n250	1936	1036784325	10k	30k	98	250	229	10M	379	2.5184	0.9693	.0634	0.231387	88422	120299	292	142	hpylori250	s10k	l30k	p98	n250	k229	B10M
hpylori250.s10k.l30k.p98.n250.k179.B10M	hpylori250	292	250	0.407782	0.305004	0.194726	0.194278	0.305989	8.6566e-07	hpylori250.s10k.l30k.p98.n250	1936	1036784325	10k	30k	98	250	179	10M	394	2.4256	1.1284	.0634	0.229863	107419	146702	292	142	hpylori250	s10k	l30k	p98	n250	k179	B10M
hpylori250.s10k.l30k.p98.n250.k127.B10M	hpylori250	292	250	0.407782	0.305004	0.194726	0.194278	0.305989	8.6566e-07	hpylori250.s10k.l30k.p98.n250	1936	1036784325	10k	30k	98	250	127	10M	389	2.6337	1.0464	.0634	0.227784	141374	194150	292	142	hpylori250	s10k	l30k	p98	n250	k127	B10M
hpylori250.s10k.l30k.p98.n250.k79.B10M	hpylori250	292	250	0.407782	0.305004	0.194726	0.194278	0.305989	8.6566e-07	hpylori250.s10k.l30k.p98.n250	1936	1036784325	10k	30k	98	250	79	10M	128	2.7939	0.9720	.0644	0.22529	201165	278206	292	142	hpylori250	s10k	l30k	p98	n250	k79	B10M
hpylori250.s10k.l30k.p98.n250.k49.B10M	hpylori250	292	250	0.407782	0.305004	0.194726	0.194278	0.305989	8.6566e-07	hpylori250.s10k.l30k.p98.n250	1936	1036784325	10k	30k	98	250	49	10M	139	2.6578	1.0266	.0654	0.223458	270585	376186	292	142	hpylori250	s10k	l30k	p98	n250	k49	B10M
hpylori250.s10k.l30k.p98.n250.k29.B10M	hpylori250	292	250	0.407782	0.305004	0.194726	0.194278	0.305989	8.6566e-07	hpylori250.s10k.l30k.p98.n250	1936	1036784325	10k	30k	98	250	29	10M	96	2.8076	1.0272	.0664	0.222227	348085	485608	292	142	hpylori250	s10k	l30k	p98	n250	k29	B10M
hpylori250.s10k.l30k.p98.n250.k11.B10M	hpylori250	292	250	0.407782	0.305004	0.194726	0.194278	0.305989	8.6566e-07	hpylori250.s10k.l30k.p98.n250	1936	1036784325	10k	30k	98	250	11	10M	89	2.9367	1.0449	.0683	0.221309	468742	655708	292	142	hpylori250	s10k	l30k	p98	n250	k11	B10M
hpylori250.s10k.l30k.p98.n250.k0.B10M	hpylori250	292	250	0.407782	0.305004	0.194726	0.194278	0.305989	8.6566e-07	hpylori250.s10k.l30k.p98.n250	1936	1036784325	10k	30k	98	250	0	10M	150	2.8275	1.3803	.0712	0.221021	621009	873679	292	142	hpylori250	s10k	l30k	p98	n250	k0	B10M
hpylori250.s10k.l30k.p95.n250.k311.B10M	hpylori250	292	250	0.407782	0.305004	0.194726	0.194278	0.305989	8.6566e-07	hpylori250.s10k.l30k.p95.n250	176773	1.14529e+10	10k	30k	95	250	311	10M	104	3.3272	1.0439	.0615	0.202274	258340	349641	292	34	hpylori250	s10k	l30k	p95	n250	k311	B10M
hpylori250.s10k.l30k.p95.n250.k229.B10M	hpylori250	292	250	0.407782	0.305004	0.194726	0.194278	0.305989	8.6566e-07	hpylori250.s10k.l30k.p95.n250	176773	1.14529e+10	10k	30k	95	250	229	10M	106	4.8710	1.2990	.0732	0.171474	548704	752614	292	33	hpylori250	s10k	l30k	p95	n250	k229	B10M
hpylori250.s10k.l30k.p95.n250.k179.B10M	hpylori250	292	250	0.407782	0.305004	0.194726	0.194278	0.305989	8.6566e-07	hpylori250.s10k.l30k.p95.n250	176773	1.14529e+10	10k	30k	95	250	179	10M	134	7.3633	2.1666	.1035	0.138937	887471	1238284	292	33	hpylori250	s10k	l30k	p95	n250	k179	B10M
hpylori250.s10k.l30k.p95.n250.k127.B10M	hpylori250	292	250	0.407782	0.305004	0.194726	0.194278	0.305989	8.6566e-07	hpylori250.s10k.l30k.p95.n250	176773	1.14529e+10	10k	30k	95	250	127	10M	192	12.5469	5.0692	.1826	0.0938305	1360161	1952401	292	33	hpylori250	s10k	l30k	p95	n250	k127	B10M
hpylori250.s10k.l30k.p95.n250.k79.B10M	hpylori250	292	250	0.407782	0.305004	0.194726	0.194278	0.305989	8.6566e-07	hpylori250.s10k.l30k.p95.n250	176773	1.14529e+10	10k	30k	95	250	79	10M	311	21.9458	8.0017	.3056	0.0507341	1762767	2606871	292	33	hpylori250	s10k	l30k	p95	n250	k79	B10M
hpylori250.s10k.l30k.p95.n250.k49.B10M	hpylori250	292	250	0.407782	0.305004	0.194726	0.194278	0.305989	8.6566e-07	hpylori250.s10k.l30k.p95.n250	176773	1.14529e+10	10k	30k	95	250	49	10M	475	33.7270	11.9739	.3876	0.0302351	1934607	2894839	292	33	hpylori250	s10k	l30k	p95	n250	k49	B10M
hpylori250.s10k.l30k.p95.n250.k29.B10M	hpylori250	292	250	0.407782	0.305004	0.194726	0.194278	0.305989	8.6566e-07	hpylori250.s10k.l30k.p95.n250	176773	1.14529e+10	10k	30k	95	250	29	10M	616	48.5736	15.9713	.4326	0.0211301	2034229	3058813	292	33	hpylori250	s10k	l30k	p95	n250	k29	B10M
hpylori250.s10k.l30k.p95.n250.k11.B10M	hpylori250	292	250	0.407782	0.305004	0.194726	0.194278	0.305989	8.6566e-07	hpylori250.s10k.l30k.p95.n250	176773	1.14529e+10	10k	30k	95	250	11	10M	875	77.8216	30.4113	.4677	0.0162414	2167098	3296321	292	33	hpylori250	s10k	l30k	p95	n250	k11	B10M
hpylori250.s10k.l30k.p95.n250.k0.B10M	hpylori250	292	250	0.407782	0.305004	0.194726	0.194278	0.305989	8.6566e-07	hpylori250.s10k.l30k.p95.n250	176773	1.14529e+10	10k	30k	95	250	0	10M	1322	150.6252	43.9617	.4531	0.0139998	2054930	3339947	292	33	hpylori250	s10k	l30k	p95	n250	k0	B10M
hpylori250.s10k.l30k.p90.n250.k311.B10M	hpylori250	292	250	0.407782	0.305004	0.194726	0.194278	0.305989	8.6566e-07	hpylori250.s10k.l30k.p90.n250	231934	3.32119e+10	10k	30k	90	250	311	10M	122	3.5006	1.1162	.0625	0.197091	294010	397043	292	29	hpylori250	s10k	l30k	p90	n250	k311	B10M
hpylori250.s10k.l30k.p90.n250.k229.B10M	hpylori250	292	250	0.407782	0.305004	0.194726	0.194278	0.305989	8.6566e-07	hpylori250.s10k.l30k.p90.n250	231934	3.32119e+10	10k	30k	90	250	229	10M	136	5.3814	1.9141	.0781	0.160681	638927	874641	292	26	hpylori250	s10k	l30k	p90	n250	k229	B10M
hpylori250.s10k.l30k.p90.n250.k179.B10M	hpylori250	292	250	0.407782	0.305004	0.194726	0.194278	0.305989	8.6566e-07	hpylori250.s10k.l30k.p90.n250	231934	3.32119e+10	10k	30k	90	250	179	10M	171	8.9046	2.6655	.1201	0.122703	1025254	1429720	292	18	hpylori250	s10k	l30k	p90	n250	k179	B10M
hpylori250.s10k.l30k.p90.n250.k127.B10M	hpylori250	292	250	0.407782	0.305004	0.194726	0.194278	0.305989	8.6566e-07	hpylori250.s10k.l30k.p90.n250	231934	3.32119e+10	10k	30k	90	250	127	10M	272	16.2860	7.0113	.2216	0.073303	1492909	2143224	292	14	hpylori250	s10k	l30k	p90	n250	k127	B10M
hpylori250.s10k.l30k.p90.n250.k79.B10M	hpylori250	292	250	0.407782	0.305004	0.194726	0.194278	0.305989	8.6566e-07	hpylori250.s10k.l30k.p90.n250	231934	3.32119e+10	10k	30k	90	250	79	10M	464	36.9005	15.9749	.3583	0.0321027	1766845	2595103	292	9	hpylori250	s10k	l30k	p90	n250	k79	B10M
hpylori250.s10k.l30k.p90.n250.k49.B10M	hpylori250	292	250	0.407782	0.305004	0.194726	0.194278	0.305989	8.6566e-07	hpylori250.s10k.l30k.p90.n250	231934	3.32119e+10	10k	30k	90	250	49	10M	784	75.4430	20.2147	.4375	0.0156733	1813645	2665974	292	9	hpylori250	s10k	l30k	p90	n250	k49	B10M
hpylori250.s10k.l30k.p90.n250.k29.B10M	hpylori250	292	250	0.407782	0.305004	0.194726	0.194278	0.305989	8.6566e-07	hpylori250.s10k.l30k.p90.n250	231934	3.32119e+10	10k	30k	90	250	29	10M	1231	150.6374	38.2038	.4775	0.00961712	1802464	2641413	292	9	hpylori250	s10k	l30k	p90	n250	k29	B10M
hpylori250.s10k.l30k.p90.n250.k11.B10M	hpylori250	292	250	0.407782	0.305004	0.194726	0.194278	0.305989	8.6566e-07	hpylori250.s10k.l30k.p90.n250	231934	3.32119e+10	10k	30k	90	250	11	10M	2297	302.5587	64.2091	.5214	0.00670617	1748186	2601347	292	9	hpylori250	s10k	l30k	p90	n250	k11	B10M
hpylori250.s10k.l30k.p90.n250.k0.B10M	hpylori250	292	250	0.407782	0.305004	0.194726	0.194278	0.305989	8.6566e-07	hpylori250.s10k.l30k.p90.n250	231934	3.32119e+10	10k	30k	90	250	0	10M	5701	332.6485	118.2016	.3720	0.00426122	1038273	1740427	292	9	hpylori250	s10k	l30k	p90	n250	k0	B10M
hpylori250.s5k.l15k.p98.n250.k311.B10M	hpylori250	292	250	0.407782	0.305004	0.194726	0.194278	0.305989	8.6566e-07	hpylori250.s5k.l15k.p98.n250	4448	1080528266	5k	15k	98	250	311	10M	98	2.2992	0.9379	.0634	0.231254	79214	107399	292	83	hpylori250	s5k	l15k	p98	n250	k311	B10M
hpylori250.s5k.l15k.p98.n250.k229.B10M	hpylori250	292	250	0.407782	0.305004	0.194726	0.194278	0.305989	8.6566e-07	hpylori250.s5k.l15k.p98.n250	4448	1080528266	5k	15k	98	250	229	10M	133	2.3626	0.9427	.0625	0.228836	102589	139687	292	83	hpylori250	s5k	l15k	p98	n250	k229	B10M
hpylori250.s5k.l15k.p98.n250.k179.B10M	hpylori250	292	250	0.407782	0.305004	0.194726	0.194278	0.305989	8.6566e-07	hpylori250.s5k.l15k.p98.n250	4448	1080528266	5k	15k	98	250	179	10M	134	2.6834	1.1467	.0634	0.226901	126230	172627	292	83	hpylori250	s5k	l15k	p98	n250	k179	B10M
hpylori250.s5k.l15k.p98.n250.k127.B10M	hpylori250	292	250	0.407782	0.305004	0.194726	0.194278	0.305989	8.6566e-07	hpylori250.s5k.l15k.p98.n250	4448	1080528266	5k	15k	98	250	127	10M	111	2.6051	0.9123	.0634	0.224365	166451	229039	292	83	hpylori250	s5k	l15k	p98	n250	k127	B10M
hpylori250.s5k.l15k.p98.n250.k79.B10M	hpylori250	292	250	0.407782	0.305004	0.194726	0.194278	0.305989	8.6566e-07	hpylori250.s5k.l15k.p98.n250	4448	1080528266	5k	15k	98	250	79	10M	114	2.7565	0.9851	.0644	0.221468	233203	323320	292	83	hpylori250	s5k	l15k	p98	n250	k79	B10M
hpylori250.s5k.l15k.p98.n250.k49.B10M	hpylori250	292	250	0.407782	0.305004	0.194726	0.194278	0.305989	8.6566e-07	hpylori250.s5k.l15k.p98.n250	4448	1080528266	5k	15k	98	250	49	10M	95	2.8215	1.0318	.0664	0.219468	306027	426561	292	83	hpylori250	s5k	l15k	p98	n250	k49	B10M
hpylori250.s5k.l15k.p98.n250.k29.B10M	hpylori250	292	250	0.407782	0.305004	0.194726	0.194278	0.305989	8.6566e-07	hpylori250.s5k.l15k.p98.n250	4448	1080528266	5k	15k	98	250	29	10M	103	2.9114	1.0723	.0673	0.218197	383354	536233	292	83	hpylori250	s5k	l15k	p98	n250	k29	B10M
hpylori250.s5k.l15k.p98.n250.k11.B10M	hpylori250	292	250	0.407782	0.305004	0.194726	0.194278	0.305989	8.6566e-07	hpylori250.s5k.l15k.p98.n250	4448	1080528266	5k	15k	98	250	11	10M	92	3.0025	1.3825	.0703	0.217265	501317	703597	292	83	hpylori250	s5k	l15k	p98	n250	k11	B10M
hpylori250.s5k.l15k.p98.n250.k0.B10M	hpylori250	292	250	0.407782	0.305004	0.194726	0.194278	0.305989	8.6566e-07	hpylori250.s5k.l15k.p98.n250	4448	1080528266	5k	15k	98	250	0	10M	84	3.1712	1.4111	.0732	0.216984	647772	914266	292	83	hpylori250	s5k	l15k	p98	n250	k0	B10M
hpylori250.s5k.l15k.p95.n250.k311.B10M	hpylori250	292	250	0.407782	0.305004	0.194726	0.194278	0.305989	8.6566e-07	hpylori250.s5k.l15k.p95.n250	423496	1.33745e+10	5k	15k	95	250	311	10M	94	3.2540	1.0476	.0625	0.200478	269710	364943	292	34	hpylori250	s5k	l15k	p95	n250	k311	B10M
hpylori250.s5k.l15k.p95.n250.k229.B10M	hpylori250	292	250	0.407782	0.305004	0.194726	0.194278	0.305989	8.6566e-07	hpylori250.s5k.l15k.p95.n250	423496	1.33745e+10	5k	15k	95	250	229	10M	103	5.0303	1.3130	.0751	0.167926	575557	789477	292	33	hpylori250	s5k	l15k	p95	n250	k229	B10M
hpylori250.s5k.l15k.p95.n250.k179.B10M	hpylori250	292	250	0.407782	0.305004	0.194726	0.194278	0.305989	8.6566e-07	hpylori250.s5k.l15k.p95.n250	423496	1.33745e+10	5k	15k	95	250	179	10M	133	7.6665	2.4161	.1093	0.133806	924740	1291614	292	33	hpylori250	s5k	l15k	p95	n250	k179	B10M
hpylori250.s5k.l15k.p95.n250.k127.B10M	hpylori250	292	250	0.407782	0.305004	0.194726	0.194278	0.305989	8.6566e-07	hpylori250.s5k.l15k.p95.n250	423496	1.33745e+10	5k	15k	95	250	127	10M	201	13.3473	5.0668	.1953	0.0878638	1383554	1989397	292	33	hpylori250	s5k	l15k	p95	n250	k127	B10M
hpylori250.s5k.l15k.p95.n250.k79.B10M	hpylori250	292	250	0.407782	0.305004	0.194726	0.194278	0.305989	8.6566e-07	hpylori250.s5k.l15k.p95.n250	423496	1.33745e+10	5k	15k	95	250	79	10M	338	23.7210	10.0054	.3193	0.046097	1737263	2566677	292	33	hpylori250	s5k	l15k	p95	n250	k79	B10M
hpylori250.s5k.l15k.p95.n250.k49.B10M	hpylori250	292	250	0.407782	0.305004	0.194726	0.194278	0.305989	8.6566e-07	hpylori250.s5k.l15k.p95.n250	423496	1.33745e+10	5k	15k	95	250	49	10M	497	37.3123	15.9738	.3964	0.0271995	1879174	2798087	292	33	hpylori250	s5k	l15k	p95	n250	k49	B10M
hpylori250.s5k.l15k.p95.n250.k29.B10M	hpylori250	292	250	0.407782	0.305004	0.194726	0.194278	0.305989	8.6566e-07	hpylori250.s5k.l15k.p95.n250	423496	1.33745e+10	5k	15k	95	250	29	10M	666	54.2582	19.9788	.4375	0.0189842	1963108	2931071	292	33	hpylori250	s5k	l15k	p95	n250	k29	B10M
hpylori250.s5k.l15k.p95.n250.k11.B10M	hpylori250	292	250	0.407782	0.305004	0.194726	0.194278	0.305989	8.6566e-07	hpylori250.s5k.l15k.p95.n250	423496	1.33745e+10	5k	15k	95	250	11	10M	956	82.5617	31.9606	.4707	0.0145526	2090714	3152345	292	33	hpylori250	s5k	l15k	p95	n250	k11	B10M
hpylori250.s5k.l15k.p95.n250.k0.B10M	hpylori250	292	250	0.407782	0.305004	0.194726	0.194278	0.305989	8.6566e-07	hpylori250.s5k.l15k.p95.n250	423496	1.33745e+10	5k	15k	95	250	0	10M	1551	154.3976	43.9596	.4580	0.0124464	1974348	3203262	292	33	hpylori250	s5k	l15k	p95	n250	k0	B10M
hpylori250.s5k.l15k.p90.n250.k311.B10M	hpylori250	292	250	0.407782	0.305004	0.194726	0.194278	0.305989	8.6566e-07	hpylori250.s5k.l15k.p90.n250	386320	3.39018e+10	5k	15k	90	250	311	10M	124	3.4655	1.0847	.0625	0.196352	298213	402646	292	25	hpylori250	s5k	l15k	p90	n250	k311	B10M
hpylori250.s5k.l15k.p90.n250.k229.B10M	hpylori250	292	250	0.407782	0.305004	0.194726	0.194278	0.305989	8.6566e-07	hpylori250.s5k.l15k.p90.n250	386320	3.39018e+10	5k	15k	90	250	229	10M	142	5.6629	1.9137	.0791	0.159437	648053	886992	292	19	hpylori250	s5k	l15k	p90	n250	k229	B10M
hpylori250.s5k.l15k.p90.n250.k179.B10M	hpylori250	292	250	0.407782	0.305004	0.194726	0.194278	0.305989	8.6566e-07	hpylori250.s5k.l15k.p90.n250	386320	3.39018e+10	5k	15k	90	250	179	10M	179	8.9749	2.6658	.1210	0.121032	1038229	1447648	292	11	hpylori250	s5k	l15k	p90	n250	k179	B10M
hpylori250.s5k.l15k.p90.n250.k127.B10M	hpylori250	292	250	0.407782	0.305004	0.194726	0.194278	0.305989	8.6566e-07	hpylori250.s5k.l15k.p90.n250	386320	3.39018e+10	5k	15k	90	250	127	10M	274	16.6595	7.0084	.2255	0.0713159	1504567	2160291	292	8	hpylori250	s5k	l15k	p90	n250	k127	B10M
hpylori250.s5k.l15k.p90.n250.k79.B10M	hpylori250	292	250	0.407782	0.305004	0.194726	0.194278	0.305989	8.6566e-07	hpylori250.s5k.l15k.p90.n250	386320	3.39018e+10	5k	15k	90	250	79	10M	476	37.0321	15.9746	.3632	0.0303221	1768563	2597039	292	5	hpylori250	s5k	l15k	p90	n250	k79	B10M
hpylori250.s5k.l15k.p90.n250.k49.B10M	hpylori250	292	250	0.407782	0.305004	0.194726	0.194278	0.305989	8.6566e-07	hpylori250.s5k.l15k.p90.n250	386320	3.39018e+10	5k	15k	90	250	49	10M	790	75.7514	20.2070	.4414	0.01421	1806620	2653085	292	5	hpylori250	s5k	l15k	p90	n250	k49	B10M
hpylori250.s5k.l15k.p90.n250.k29.B10M	hpylori250	292	250	0.407782	0.305004	0.194726	0.194278	0.305989	8.6566e-07	hpylori250.s5k.l15k.p90.n250	386320	3.39018e+10	5k	15k	90	250	29	10M	1296	151.3628	38.2073	.4804	0.00835125	1789301	2617960	292	5	hpylori250	s5k	l15k	p90	n250	k29	B10M
hpylori250.s5k.l15k.p90.n250.k11.B10M	hpylori250	292	250	0.407782	0.305004	0.194726	0.194278	0.305989	8.6566e-07	hpylori250.s5k.l15k.p90.n250	386320	3.39018e+10	5k	15k	90	250	11	10M	2252	275.0208	64.2745	.5185	0.00563216	1737071	2570239	292	5	hpylori250	s5k	l15k	p90	n250	k11	B10M
hpylori250.s5k.l15k.p90.n250.k0.B10M	hpylori250	292	250	0.407782	0.305004	0.194726	0.194278	0.305989	8.6566e-07	hpylori250.s5k.l15k.p90.n250	386320	3.39018e+10	5k	15k	90	250	0	10M	5087	336.8102	118.2024	.3906	0.00342772	1064066	1749130	292	5	hpylori250	s5k	l15k	p90	n250	k0	B10M
zmays41.s20k.l60k.p98.n41.k311.B50M	zmays41	46289	41	90.2491	0.26452	0.232509	0.232573	0.264708	0.00569028	zmays41.s20k.l60k.p98.n41	1909867	3.60237e+11	20k	60k	98	41	311	50M	28311	184.0483	204.4242	7.5390	21.6919	56228019	77643725	46289	6433	zmays41	s20k	l60k	p98	n41	k311	B50M
zmays41.s20k.l60k.p98.n41.k229.B50M	zmays41	46289	41	90.2491	0.26452	0.232509	0.232573	0.264708	0.00569028	zmays41.s20k.l60k.p98.n41	1909867	3.60237e+11	20k	60k	98	41	229	50M	23535	186.7124	210.1042	7.6533	21.0444	61692867	85367376	46289	6413	zmays41	s20k	l60k	p98	n41	k229	B50M
zmays41.s20k.l60k.p98.n41.k179.B50M	zmays41	46289	41	90.2491	0.26452	0.232509	0.232573	0.264708	0.00569028	zmays41.s20k.l60k.p98.n41	1909867	3.60237e+11	20k	60k	98	41	179	50M	28889	188.7610	224.8481	7.7636	20.6529	65995510	91476146	46289	6409	zmays41	s20k	l60k	p98	n41	k179	B50M
zmays41.s20k.l60k.p98.n41.k127.B50M	zmays41	46289	41	90.2491	0.26452	0.232509	0.232573	0.264708	0.00569028	zmays41.s20k.l60k.p98.n41	1909867	3.60237e+11	20k	60k	98	41	127	50M	24061	191.2188	241.5891	7.9433	20.2395	72011335	100052660	46289	6409	zmays41	s20k	l60k	p98	n41	k127	B50M
zmays41.s20k.l60k.p98.n41.k79.B50M	zmays41	46289	41	90.2491	0.26452	0.232509	0.232573	0.264708	0.00569028	zmays41.s20k.l60k.p98.n41	1909867	3.60237e+11	20k	60k	98	41	79	50M	24185	193.9716	250.3840	8.2187	19.847	80468155	112164286	46289	6409	zmays41	s20k	l60k	p98	n41	k79	B50M
zmays41.s20k.l60k.p98.n41.k49.B50M	zmays41	46289	41	90.2491	0.26452	0.232509	0.232573	0.264708	0.00569028	zmays41.s20k.l60k.p98.n41	1909867	3.60237e+11	20k	60k	98	41	49	50M	23489	204.6593	267.2513	8.5273	19.5861	89503549	125128524	46289	6409	zmays41	s20k	l60k	p98	n41	k49	B50M
zmays41.s20k.l60k.p98.n41.k29.B50M	zmays41	46289	41	90.2491	0.26452	0.232509	0.232573	0.264708	0.00569028	zmays41.s20k.l60k.p98.n41	1909867	3.60237e+11	20k	60k	98	41	29	50M	24601	215.3359	275.8025	8.8906	19.4005	100088946	140345801	46289	6409	zmays41	s20k	l60k	p98	n41	k29	B50M
zmays41.s20k.l60k.p98.n41.k11.B50M	zmays41	46289	41	90.2491	0.26452	0.232509	0.232573	0.264708	0.00569028	zmays41.s20k.l60k.p98.n41	1909867	3.60237e+11	20k	60k	98	41	11	50M	30798	231.7103	302.5017	9.5263	19.2411	118131001	166543643	46289	6409	zmays41	s20k	l60k	p98	n41	k11	B50M
zmays41.s20k.l60k.p98.n41.k0.B50M	zmays41	46289	41	90.2491	0.26452	0.232509	0.232573	0.264708	0.00569028	zmays41.s20k.l60k.p98.n41	1909867	3.60237e+11	20k	60k	98	41	0	50M	28307	293.8616	322.7626	10.0078	19.192	136459361	194503890	46289	6408	zmays41	s20k	l60k	p98	n41	k0	B50M
zmays41.s20k.l60k.p95.n41.k311.B50M	zmays41	46289	41	90.2491	0.26452	0.232509	0.232573	0.264708	0.00569028	zmays41.s20k.l60k.p95.n41	2325487	5.49747e+11	20k	60k	95	41	311	50M	28745	206.5612	243.0176	7.3291	17.2101	63342901	87144926	46289	1771	zmays41	s20k	l60k	p95	n41	k311	B50M
zmays41.s20k.l60k.p95.n41.k229.B50M	zmays41	46289	41	90.2491	0.26452	0.232509	0.232573	0.264708	0.00569028	zmays41.s20k.l60k.p95.n41	2325487	5.49747e+11	20k	60k	95	41	229	50M	28154	220.5177	258.5798	7.7822	16.3256	70794184	97684795	46289	1338	zmays41	s20k	l60k	p95	n41	k229	B50M
zmays41.s20k.l60k.p95.n41.k179.B50M	zmays41	46289	41	90.2491	0.26452	0.232509	0.232573	0.264708	0.00569028	zmays41.s20k.l60k.p95.n41	2325487	5.49747e+11	20k	60k	95	41	179	50M	29422	231.1500	281.7559	8.2568	15.7402	77128104	106711061	46289	1128	zmays41	s20k	l60k	p95	n41	k179	B50M
zmays41.s20k.l60k.p95.n41.k127.B50M	zmays41	46289	41	90.2491	0.26452	0.232509	0.232573	0.264708	0.00569028	zmays41.s20k.l60k.p95.n41	2325487	5.49747e+11	20k	60k	95	41	127	50M	25088	264.9900	319.2340	9.0253	15.0673	86576009	120293227	46289	978	zmays41	s20k	l60k	p95	n41	k127	B50M
zmays41.s20k.l60k.p95.n41.k79.B50M	zmays41	46289	41	90.2491	0.26452	0.232509	0.232573	0.264708	0.00569028	zmays41.s20k.l60k.p95.n41	2325487	5.49747e+11	20k	60k	95	41	79	50M	28503	333.8979	365.1949	10.0869	14.3702	100710487	140814195	46289	927	zmays41	s20k	l60k	p95	n41	k79	B50M
zmays41.s20k.l60k.p95.n41.k49.B50M	zmays41	46289	41	90.2491	0.26452	0.232509	0.232573	0.264708	0.00569028	zmays41.s20k.l60k.p95.n41	2325487	5.49747e+11	20k	60k	95	41	49	50M	31043	351.1235	402.8716	11.0898	13.8838	116180604	163410322	46289	925	zmays41	s20k	l60k	p95	n41	k49	B50M
zmays41.s50k.l150k.p98.n41.k311.B50M	zmays41	46289	41	90.2491	0.26452	0.232509	0.232573	0.264708	0.00569028	zmays41.s50k.l150k.p98.n41	650657	3.09619e+11	50k	150k	98	41	311	50M	24093	176.4994	186.6971	8.4873	26.5242	50557313	70180055	46289	8002	zmays41	s50k	l150k	p98	n41	k311	B50M
zmays41.s50k.l150k.p98.n41.k229.B50M	zmays41	46289	41	90.2491	0.26452	0.232509	0.232573	0.264708	0.00569028	zmays41.s50k.l150k.p98.n41	650657	3.09619e+11	50k	150k	98	41	229	50M	23791	178.5835	204.6293	8.5830	25.9256	55529426	77244868	46289	7979	zmays41	s50k	l150k	p98	n41	k229	B50M
zmays41.s50k.l150k.p98.n41.k179.B50M	zmays41	46289	41	90.2491	0.26452	0.232509	0.232573	0.264708	0.00569028	zmays41.s50k.l150k.p98.n41	650657	3.09619e+11	50k	150k	98	41	179	50M	24418	179.9107	213.9001	8.6787	25.5675	59417306	82791684	46289	7975	zmays41	s50k	l150k	p98	n41	k179	B50M
zmays41.s50k.l150k.p98.n41.k127.B50M	zmays41	46289	41	90.2491	0.26452	0.232509	0.232573	0.264708	0.00569028	zmays41.s50k.l150k.p98.n41	650657	3.09619e+11	50k	150k	98	41	127	50M	29959	181.7229	217.2404	8.8369	25.1936	64818466	90523633	46289	7975	zmays41	s50k	l150k	p98	n41	k127	B50M
zmays41.s50k.l150k.p98.n41.k79.B50M	zmays41	46289	41	90.2491	0.26452	0.232509	0.232573	0.264708	0.00569028	zmays41.s50k.l150k.p98.n41	650657	3.09619e+11	50k	150k	98	41	79	50M	23501	183.5738	233.1740	9.0722	24.8412	72419781	101436964	46289	7975	zmays41	s50k	l150k	p98	n41	k79	B50M
zmays41.s50k.l150k.p98.n41.k49.B50M	zmays41	46289	41	90.2491	0.26452	0.232509	0.232573	0.264708	0.00569028	zmays41.s50k.l150k.p98.n41	650657	3.09619e+11	50k	150k	98	41	49	50M	23794	188.1832	244.8203	9.3310	24.6056	80672582	113282685	46289	7975	zmays41	s50k	l150k	p98	n41	k49	B50M
zmays41.s50k.l150k.p98.n41.k29.B50M	zmays41	46289	41	90.2491	0.26452	0.232509	0.232573	0.264708	0.00569028	zmays41.s50k.l150k.p98.n41	650657	3.09619e+11	50k	150k	98	41	29	50M	25186	194.5477	257.1209	9.6386	24.4353	90575021	127494629	46289	7975	zmays41	s50k	l150k	p98	n41	k29	B50M
zmays41.s50k.l150k.p98.n41.k11.B50M	zmays41	46289	41	90.2491	0.26452	0.232509	0.232573	0.264708	0.00569028	zmays41.s50k.l150k.p98.n41	650657	3.09619e+11	50k	150k	98	41	11	50M	24073	204.9908	273.9275	10.1923	24.285	108089131	152833228	46289	7975	zmays41	s50k	l150k	p98	n41	k11	B50M
zmays41.s50k.l150k.p98.n41.k0.B50M	zmays41	46289	41	90.2491	0.26452	0.232509	0.232573	0.264708	0.00569028	zmays41.s50k.l150k.p98.n41	650657	3.09619e+11	50k	150k	98	41	0	50M	32099	221.0681	290.3369	10.7343	24.2371	126633307	180855952	46289	7974	zmays41	s50k	l150k	p98	n41	k0	B50M
zmays41.s50k.l150k.p95.n41.k311.B50M	zmays41	46289	41	90.2491	0.26452	0.232509	0.232573	0.264708	0.00569028	zmays41.s50k.l150k.p95.n41	1225654	5.15987e+11	50k	150k	95	41	311	50M	22340	193.1048	230.2361	7.4609	19.0987	61831138	85335626	46289	2467	zmays41	s50k	l150k	p95	n41	k311	B50M
zmays41.s50k.l150k.p95.n41.k229.B50M	zmays41	46289	41	90.2491	0.26452	0.232509	0.232573	0.264708	0.00569028	zmays41.s50k.l150k.p95.n41	1225654	5.15987e+11	50k	150k	95	41	229	50M	28667	197.8789	245.7070	7.7187	18.184	69594554	96313149	46289	1803	zmays41	s50k	l150k	p95	n41	k229	B50M
zmays41.s50k.l150k.p95.n41.k179.B50M	zmays41	46289	41	90.2491	0.26452	0.232509	0.232573	0.264708	0.00569028	zmays41.s50k.l150k.p95.n41	1225654	5.15987e+11	50k	150k	95	41	179	50M	24939	206.6780	266.0776	7.9892	17.5744	76319443	105867761	46289	1504	zmays41	s50k	l150k	p95	n41	k179	B50M
zmays41.s50k.l150k.p95.n41.k127.B50M	zmays41	46289	41	90.2491	0.26452	0.232509	0.232573	0.264708	0.00569028	zmays41.s50k.l150k.p95.n41	1225654	5.15987e+11	50k	150k	95	41	127	50M	24487	227.5379	287.3300	8.4560	16.8686	86545309	120485833	46289	1323	zmays41	s50k	l150k	p95	n41	k127	B50M
zmays41.s50k.l150k.p95.n41.k79.B50M	zmays41	46289	41	90.2491	0.26452	0.232509	0.232573	0.264708	0.00569028	zmays41.s50k.l150k.p95.n41	1225654	5.15987e+11	50k	150k	95	41	79	50M	30003	262.8696	333.3240	9.1611	16.127	102185593	143034203	46289	1261	zmays41	s50k	l150k	p95	n41	k79	B50M
zmays41.s50k.l150k.p95.n41.k49.B50M	zmays41	46289	41	90.2491	0.26452	0.232509	0.232573	0.264708	0.00569028	zmays41.s50k.l150k.p95.n41	1225654	5.15987e+11	50k	150k	95	41	49	50M	28593	292.7104	365.6094	9.9062	15.5991	119733503	168474045	46289	1254	zmays41	s50k	l150k	p95	n41	k49	B50M
